title,desc,content,data,notes
陆机平复帖,平复帖》是我国古代存世最早的名人法书真迹,"<p>字士衡，吴郡（今江苏苏州）人。因其曾为平原内史，世称陆平原。他“少有奇才，文章冠世”（《晋书 陆机传》），与弟陆云俱为我国西晋时期著名文学家，其实陆</p>

<p>《平复帖》凡九行，上有宋徽宗赵佶泥金题签和“宣和”、“政和”二印。现藏于北京故宫博物院。内容只是陆机问候友人的平常手札。惜距今一千七百多年，纸面损伤，有些字已分辩不出来了。古代法书典籍《墨缘汇观录》、《平生壮观》、《大观录》等，虽有记录，均无释文。当代书家启功先生在其《启功论稿》中对此帖注有释文。</p>

<p>《平复帖》是草书演变过程中的典型书作，最大的特点是犹存隶意，但又没有隶书那样波磔分明，字体介与章草、今草之间。细观此帖，秃笔枯锋，刚劲质朴，整篇文字格调高雅，神采清新，字虽不连属，却洋洋洒洒，令人赏心悦目，字里行间透露出书家的儒雅与睿智。</p>

<p>历来评述甚多。宋陈绎曾云：“士衡《平复帖》，章草奇古”。《大观录》里说：《平复帖》为“草书、若篆若隶，笔法奇崛”。《平复帖》对后世也产生过较大影响。清人顾复称“古意斑驳而字奇幻不可读，乃知怀素《千字文》、《苦笋帖》，杨凝式《神仙起居法》，诸草圣咸从此得笔。”这些评论或许有牵强附会之感，但若是怀素、杨凝式当真见到，也确会为之动情。董其昌赞云“右军以前，元常之后，唯存数行，为希代宝”。</p>

<p>这里还要提及的是《平复帖》最后一位私人收藏者——已故书法家张伯驹先生。《平复帖》原为恭王府所藏。1937年，溥心畲先生丧母，欲出让《平复帖》以办丧事。在此期间，一些清朝遗老，如阿联、孟锡圭、朱蓬寿，最后一位状元刘春霖等都曾致函溥心畲先生对《平复帖》易手表示惋惜，怕像恭王府出让的唐韩干《夜照白图》那样，流失海外。信致溥心畲先生，大意为，现已民国，丧事可否从俭，《平复帖》可否暂押盐业银行，云云。并托傅增湘先生向溥心畲先生致意此帖为祖传，还是留在本族为好。此事经傅增湘先生从中斡旋，最后张伯驹不惜倾家荡产，从溥心畲手中购回此帖，后历经艰险，悉心保管，才使她未流失海外。1949年以后，张先生又将这件稀世珍宝献给了国家。</p>

<p>现藏于日本龙谷大学图书馆的《李柏文书》是稍晚于陆机的前凉时期，西域长史李柏手书，二者风格比较接近，都属于隶书转变时期最重要的代表作品。</p>

<p><img src=""http://9610.com/luji/luji2.jpg"" alt=""a""></p>

<p>陆机《平复帖》手卷 纸本 23.7×20.6cm 北京故宫博物院藏</p>

<p>故宫博物院释文:
“彥先羸瘵，恐難平復，往屬初病，慮不止此，此已爲慶。承使唯男，幸爲複失前憂耳。吳子楊往初來主，吾不能盡。臨西複來，威儀詳跱。舉動成觀，自軀體之美也。思識□量之邁前，勢所恒有，宜□稱之。夏伯榮寇亂之際，聞問不悉。”（释文据启功《〈平复帖〉说并释文》）</p>

<p>谢光辉 徐学标释文:
“彥先羸瘵，恐難平複。往屬初病，慮不止此，此已爲慶。承使囗（唯）男，幸爲複失前憂耳。囗（侯）子楊往初來至(或釋主)，吾不能盡。臨西複來，威儀詳跱，舉動成觀，自軀體之美也。思識量之邁前，執（勢）所恒有，宜囗稱之。夏（或釋闵）囗（伯）榮寇亂之際，聞問不悉。”（相关文章见《平复帖》蠡议一文）</p>

<p>郑春松释文:
“彥先羸瘵，恐難平複。微居得病，慮不衍計，計已爲蒼。年既至男事複失，甚憂之。屈子楊往得來主，吾云能惠。臨西複來，威儀詳跱。舉動祭觀，自軀體之蓋如思。識黟之邁，甚執所念，意宜稍之旻，伐棠。棠寇亂之際，聞問不悉。” （相关文章见《循名考实向真诠》一文）</p>

<p>《平复帖》草隶书9行86字。内容涉及三个人物，贺循，字彦先，是陆机的朋友，身体多病，难以痊愈。陆机说他能够维持现状，已经可庆，又有子侍奉，可以无忧了。吴子杨，以前曾到过陆家，但未受到重视。如今将西行，复来相见，其威仪举动，自有一种较前不同的气宇轩昂之美。最后说到夏伯荣，他因寇乱阻隔，没有消息。</p>

<p>《平复帖》的书写年代距今已有1700余年，是现存年代最早并真实可信的西晋名家法帖。它用秃笔写于麻纸之上，笔意婉转，风格平淡质朴，其字体为草隶书。《平复帖》在中国书法史上占有重要地位，同时对研究文字和书法变迁方面都有参考价值。</p>

<p>根据尾纸董其昌、溥伟、傅增湘、赵椿年题跋，可得知《平复帖》历代递藏情况。此帖宋代入宣和内府，明万历间归韩世能、韩逢禧父子，再归张丑。清初递经葛君常、王济、冯铨、梁清标、安岐等人之手归入乾隆内府，再赐给皇十一子成亲王永瑆。光绪年间为恭亲王奕訢所有，并由其孙溥伟、溥儒继承。后溥儒为筹集亲丧费用，将此帖待价而沽，经傅增湘从中斡旋，最终由张伯驹以巨金购得。张氏夫妇于1956年将《平复帖》捐献国家。</p>

<p>清吴其贞《吴氏书画记》、顾复《平生壮观》、安岐《墨缘汇观》等书著录。</p>
",2017-04-05,q
书圣王羲之,忘不了那些年月,"<p>说起书法，不能不说王羲之；说起王羲之，几乎是家喻户晓，说不定还能说出几个有关他的故事。这也算是中国独特的书法文化现象。</p>

<p>王羲之（303-361），东晋书法家，字逸少。原籍琅琊人(今属山东临沂)，居会稽山阴（浙江绍兴）。官至右军将军，会稽内史，人称“王右军”。他出身于两晋的名门望族。王羲之十二岁时经父亲传授笔法论，“语以大纲，即有所悟”。他小时候就从当时著名的女书法家卫夫人学习书法。以后他渡江北游名山，博采众长，草书师法张芝，正书得力于钟繇。观摩学习“兼撮众法，备成一家”，达到了“贵越群品，古今莫二”的高度。</p>

<p>与两汉、西晋相比，王羲之书风最明显特征是用笔细腻，结构多变。王羲之最大的成就在于增损古法，变汉魏质朴书风为笔法精致、美仑美奂的书体。草书浓纤折中，正书势巧形密，行书遒劲自然，总之，把汉字书写从实用引入一种注重技法，讲究情趣的境界，实际上这是书法艺术的觉醒，标志着书法家不仅发现书法美，而且能表现书法美。后来的书家几乎没有不临摹过王羲之法帖的，因而有“书圣”美誉。他的楷书如《乐毅论》、《黄庭经》、《东方朔画赞》等“在南朝即脍炙人口”，曾留下形形色色的传说，有的甚至成为绘画的题材。他的行草书又被世人尊为“草之圣”。没有原迹存世，法书刻本甚多，有《十七帖》、小楷乐毅论、黄庭经等，摹本墨迹廓填本有孔侍中帖、兰亭序[冯承素摹本]、快雪时晴帖、频有哀帖、丧乱帖、远宦帖、姨母帖、平安何如奉橘三帖、寒切帖、行穰帖以及唐僧怀仁集书书《圣教序》等。</p>

<p>王羲之的书法影响到他的后代子孙。其子玄之，善草书；凝之，工草隶；徽之，善正草书；操之，善正行书；焕之，善行草书；献之，则称“小圣”。黄伯思《东观徐论》云：“王氏凝、操、徽、涣之四子书，与子敬书俱传，皆得家范，而体各不同。凝之得其韵，操之得其体，徽之得其势，焕之得其貌，献之得其源。”其后子孙绵延，王氏一门书法传递不息。武则天尝求王羲之书，王羲之的九世重孙王方庆将家藏十一代祖至曾祖二十八人书迹十卷进呈，编为《万岁通天帖》。南朝齐王僧虔、王慈、王志都是王门之后，有法书录入。释智永为羲之七世孙，妙传家法，为隋唐书学名家。</p>

<p>王羲之书法影响了一代又一代的书苑。王羲之书圣地位的确立，有其演变过程。南朝宋泰始年间的书家虞和在《论书表》中说：“洎乎汉、魏，钟（繇）、张（芝）擅美，晋末二王称英。”右军书名盖世于当时，而宋齐之间书学地位最高者则推王献之。献之从父学书，天资极高，敏于革新，转师张芝，而创上下相连的草书，媚妍甚至超过其父，穷微入圣，与其父同称“二王”。南朝梁陶弘景《与梁武帝论书启》云：“比世皆尚子敬书”，“海内非惟不复知有元常，于逸少亦然”。改变这种状况的是由于梁武帝萧衍推崇王羲之。他把当时的书学位次由“王献之——王羲之——钟繇”转变为“钟繇——王羲之——王献之”，在《观钟繇书法十二意》中，萧衍云：“子敬之不迨逸少，犹逸少之不迨元常。”“不迨”，或作“不逮”，不及之意。萧衍的地位使他的品评有特殊的感召力，因而舆论遂定。</p>

<p>历史上第一次学王羲之高潮在南朝梁，第二次则在唐。唐太宗极度推尊王羲之，不仅广为收罗王书，且亲自为《晋书·王羲之传》撰赞辞，评钟繇则“论其尽善，或有所疑”，论献之则贬其“翰墨之病”，论其他书家如子云、王濛、徐偃辈皆谓“誉过其实”。通过比较，唐太宗认为右军“尽善尽美”，“心慕手追，此人而已，其余区区之类，何足论哉”！从此王羲之在书学史上至高无上的地位被确立并巩固下来。宋、元、明、清诸朝学书人，无不尊晋宗“二王”。唐代欧阳询、虞世南、褚遂良、薛稷和颜真卿、柳公权，五代杨凝式，宋代苏轼、黄庭坚、米帝、蔡襄，元代赵孟頫，明代董其昌，历代书学名家无不皈依王羲之。清代虽以碑学打破帖学的范围，但王羲之的书圣地位仍未动摇。“书圣”、“墨皇”虽有“圣化”之嫌，但世代名家、巨子，通过比较、揣摩，无不心悦诚服，推崇备至。</p>

<p>中国书史上虽推崇王羲之为“书圣”，但并不把他看作一尊凝固的圣像，而只是看作中华文化中书艺创造的“尽善尽美”的象征。事物永远是发展的、前进的，王羲之在他那一时代到达“尽善尽美”的顶峰，这一“圣像”必将召唤后来者在各自的时代去登攀新的书艺顶峰。</p>

<p>撰稿：刘有林</p>
",2017-04-06,b
爨龙颜碑,好好学学人家的长处,"<p>在云南陆良彩色沙林西面约二三公里的薛官堡斗阁寺大殿内，耸立着一块古碑，这就是全国著名的“二爨”之一的《爨龙颜碑》。它的全称为“宋故龙骧将军护镇蛮校尉宁州刺史邓都县侯爨使君之碑”。此碑是“二爨”中的大爨。</p>

<p>《爨龙颜碑》为长方形，额半圆形，高3．38米，上宽1．35米，下宽1．46米，厚0．25米。同“爨宝子碑”相比，高出1．55米，平均宽超出0．715米，厚则超出0．04米。称其为“大爨”是名副其实的。碑额有青龙、白虎、朱雀浮雕。下部正中有穿(洞)，左右是日、月浮雕，日中有竣鸟，月中有蟾蜍。碑阳正书24行一共904字。碑阴是题名，分上、中、下三段，共313字，均为正书。碑文叙述的是爨氏家族的渊源，追述死者祖孙三代的仕历，表明当时爨氏势力的格外强大及其与中央政权的关系。</p>

<p>碑立于南朝刘宋二年(458)，是爨龙颜死后12年所立，比“小爨”晚53年，到现在已有1500多年的历史。碑文为爨道庆所作。</p>

<p>此碑在元人李京的《云南志略》中就有著录，明万历年间的《云南通志》中也有记载。清道光七年，云贵总督、金石学家阮元在陆良贞元堡即现在的薛官堡访得，令知州张浩建亭保护，并写了跋语。此碑从此闻名于世。</p>

<p>据考证，爨龙颜活了61岁，比起爨宝子，他是很长寿的。正因为这样，碑身形制高大，碑文内容较为丰富，为研究统治南中数百年的爨氏大姓提供了极为宝贵的史料。而其碑文的字里行间，也非常自豪地从侧面证实了爨氏的强盛，折射出滇东这块沃土昔日的繁荣。这种繁荣既体现了边疆与中央政府的亲密关系，也体现了边疆各族的团结与融合，这正是我们研究云南民族历史的珍贵资料，更是研究我们常常引以为自豪的“爨乡”的难得的一笔财富。</p>

<p>同《爨宝子碑》一样，其碑文的书法艺术亦具有很高的艺术价值，其书法雄强茂美，结体以方整为主，但转折处已使用圆转笔法，而不象《爨宝子碑》那样如矩形的折角，更具有楷书的特征。我们可以从《爨龙颜碑》笔画的圆润刚强，窥见其运笔实源于篆法，起笔虽有方圆之分，但笔划均极为厚重。《爨龙颜碑》在手法上俯仰揖让，疏密相间，在结构上姿 态奇逸，舒敛自如。康有为在《广艺舟双揖》中，推其为“神品第一”、“古今楷法第一”，称其“下画如昆刀刻玉，但见浑美；布势如精工画人，各有意度，当为隶楷极则。”清道光年间云贵总督阮元为保护此碑而写的“跋”中说：“此碑文体书法皆汉晋真传，求之北地亦不可多得”。“乃云南第一古石”。纵观全碑书法笔力道劲，像刀斧击凿而成，是研究我国书法由隶转楷的演变过程中的重要文献。</p>
",2017-04-05,m
爨宝子碑,忘不了那些年月,"<p>爨宝子碑，全称为“晋故振威将军建宁太守爨府君墓”碑。乾隆戊戌（公元1778年）出土于曲靖县城南70里的杨旗田(今麒麟区越州镇)。咸丰二年(1852)移置曲靖城内，现在存于曲靖一中爨园内爨碑亭。碑首为半椭圆，整碑呈长方形，高1．83米，宽0．68米，厚0．21米。碑额题衔5行，每行3字；碑文13行，每行7—30字；碑下端列职官题名13行，每行4字。全碑共400字。除题名末行最下一个字残缺外，其余均基本上完整清晰可见。碑左下方刻有咸丰二年七月曲靖知府邓尔恒的跋，记录碑的出土及移置经过。</p>

<p>滇人袁嘉谷曾为碑亭撰书一联“奉东晋大亨，宝子增辉三百字。称南滇小爨，石碑永寿二千年。”这里的“三百”、“二千”，是为了语言对仗，取其约数。实际上立碑至现在，已有将近1600年历史，碑文共有388字。大亨是晋安帝壬寅年（公元402年）改的年号，次年又改称元兴，至乙已（公元405年）又改号义熙。云南远在边陲，不知内地年号的更迭，故仍沿用。</p>

<p>爨氏作为南中大姓、豪族，有着悠久的历史。早在三国时代，诸葛亮亲征云南，平定南中大姓叛乱后，“收其俊杰”为地方官吏，其中就有“建宁爨习”，官至领军；诸葛亮又“移南中劲卒”，充实蜀汉军队，“分其羸弱，配大姓焦、雍、娄、爨、孟、量、毛、李为部”。至南北朝，爨氏已称雄南中。1971年陆良县曾出土石刻一方，上书“泰（太）和五年岁在亲（辛）未正月八日戊寅立爨龙骧之墓”。“龙骧”是晋将军名，地位略低于三公，晋南北朝在南中的统治者，多加封“龙骧”。这碑石虽仅寥寥数语，但证明在“爨宝子碑”之前80余年，爨氏就有人做龙骧将军。其家族早已赫一时，称霸一方了。</p>

<p>南朝沿袭晋制，禁止立碑，故碑刻极少，而云南“二爨” ( 《爨宝子碑》， 《爨龙颜碑》)可谓灿若星辰，光耀夜空。 与《爨龙颜碑》相较，此碑字数较少，石碑较小（高1.83米，宽0.86米），故后人称《爨宝子碑》为“小爨”。《爨宝子碑》是云南边陲少数民族的首领受汉文化的熏陶，仿效汉制而树碑立传的。《爨宝子碑》，字多别体。后人多有考释。书体是带有明显隶意的楷书体。碑中一部分横画仍保留了隶书的波挑，但结体却方整而近于楷书。用笔以方笔为主，端重古朴，拙中有巧。看似呆笨，却飞动之势常现,古气盎然。李根源说该碑“下毛钢健如铁，姿媚如神女”；康有为称其书法“朴厚古茂，奇姿百出”。 康有为在《广艺舟双楫》中评此碑为“端朴若古佛之容”是很恰当的。</p>
",2017-04-06,x
钟繇,好好学学人家的长处,"<p>三国魏书家，字元常。颖川长社（今河南长葛）人。或作许昌人。历官侍中尚书仆射，封东武亭侯。魏初为大理，迁相国。文帝即位，改廷尉，进封崇高乡侯，转平阳乡侯。明帝时封定陵侯，迁太傅。人称“钟太傅”，卒谥成侯。工书法，书学曹喜、刘德昇、蔡邕。其正楷书法独步当时，自言精思学书三十年。所作秀美典雅，幽深无际。 </p>

<p>他所处的正是隶楷错变的时代，正如元袁裒《总论书家》所谓：“汉魏以降，书虽不同，大抵皆有分隶余风，故其体质高古。”因此在他的真书中也带有浓厚的隶意。他的小楷体势微扁，行间茂密，点画厚重，笔法清劲，醇古简静，富有一种自然质朴的意味。唐朝张怀瓘《书断》评曰：“真书古雅，道合神明，则元常第一。”又云：“元常真书绝妙，乃过于师，刚柔备焉。点画之间，多有异趣，可谓幽深无际，古雅有余，秦汉以来一人而已。”钟繇在书法上是下过苦功的，尝自称：“吾精思书学三十年，坐与入语，以指就座边数步之地书之，卧则书于寝具，具为之穿。”可见其矢志专一的学习态度。有一次，他在当时一个著名书家韦诞家中看见一篇蔡邕论笔法的文章，苦求不得，至于捶胸吐血，曹操即以五灵丹救之。及诞死后，繇阴发其冢，始得之，书遂大进，可见他对艺术的执著追求。 </p>

<p>后人将其与王羲之并称“钟王”。梁武帝《古今书人优劣评》云：“繇书如云鹄游天，群鸿戏海，行间茂密，实亦难过。”虞世南云：“钟太傅师资德昇，驰骛曹、蔡，仿学而致一体，真楷独得精妍。其传世书作真迹已无存。《书法正传》云：“钟繇书法，高古纯朴，超妙入神。”。唐张怀瓘《书断》云：“太傅虽习曹、蔡隶法，艺过于师，青出于蓝，独探神妙。”又云：“真书古雅，道合神明，则元常第一。”又云：“元常真书绝妙，乃过于师，刚柔备焉。点画之间，多有异趣，可谓幽深无际，古雅有余，泰汉以来，一人而已。虽古之善政遗爱结于人心，未足多也。草书则卫索之下，隶行入神品，八分草书入妙品。”郑元祜云：“元常《荐季直表》，其法度与《戎辂表》无少异，汉季楷法全是隶，其古雅可见，于后二王为翰墨宗匠，顾岂能外此哉！”宋以来法帖中所刻《宣示表》、《贺捷表》、《荐季直表》、《力命表》、《墓田帖》等，都出于后人临摹。</p>

<p><img src=""http://9610.com/zhongyou/hejiebiao1.jpg"" alt=""""></p>

<p>又名《戎路表》、《戎辂表》，东汉建安二十四年(219)钟繇六十八岁时写。内容为得知蜀将关羽被杀的喜讯时写的贺捷表奏．此系最能代表钟书面貌的一帖。《宣和书谱》说：“楷法今之正书也，钟繇《贺克捷表》备尽法度，为正书之祖。”</p>

<p>钟繇的书法，是较可靠的传世文人书中最早的作品。看此帖，其字尚未脱尽隶书笔意，但已属楷体。今人徐邦达先生认为，此帖的体即羊欣在《采古来能书人名》中所提到的“八分楷法”。此帖“获”字的末笔，“舍”字的第一、二笔等，隶字的特点都还十分明显。钟繇的字以书写自然，风格古朴，以及章法结字的茂密幽深著称。这些，在此帖中都可约略见到。</p>
",2017-04-05,q
颜真卿,忘不了那些年月,"<p>苏轼曾云：“诗至于杜子美，文至于韩退之，画至于吴道子，书至于颜鲁公，而古今之变，天下之能事尽矣。”（《东坡题跋》）颜真卿，字清臣，琅琊临沂（今山东临沂）人，唐代杰出的书法家。曾为平原太守，人称颜平原。安史之乱，颜抗贼有功，入京历任吏部尚书，太子太师，封鲁郡开国公，故又世称颜鲁公。代宗时李希烈叛，宰相卢杞“衔恨”唆使皇帝使真卿往劝谕，为希烈所留，忠贞不屈，后为李希烈缢杀。他秉性正直，笃实纯厚，有正义感，从不阿于权贵，屈意媚上，以义烈名于时。</p>

<p>颜真卿为琅琊氏后裔，家学渊博，五世祖颜之推为南北朝时的著名学者，先后仕于梁、北齐、北周，终于隋，著有《颜氏家训》。颜真卿少时家贫缺纸笔，用笔醮黄土水在墙上练字。初学褚遂良，后师从张旭得笔法，又汲取初唐四家特点，兼收篆隶和北魏笔意，完成了雄健、宽博的颜体楷书的创作，树立了唐代的楷书典范。</p>

<p>他的楷书一反初唐书风，行以篆籀之笔，化瘦硬为丰腴雄浑，结体宽博而气势恢宏，骨力遒劲而气慨凛然，这种风格也体现了大唐帝国繁盛的风度，并与他高尚的人格契合，是书法美与人格美完美结合的典例。他的书体被称为“颜体”，与柳公权并称“颜柳”，有“颜筋柳骨”之誉。</p>

<p>欧阳修曾说：“颜公书如忠臣烈士，道德君子，其端严尊重，人初见而畏之，然愈久而愈可爱也。其见宝于世者有必多，然虽多而不厌也。”朱长文赞其书：“点如坠石，画如夏云，钩如屈金，戈如发弩，纵横有象，低昂有志，自羲、献以来，未有如公者也。”颜体书对后世书法艺术的发展产生了深远影响，唐以后很多名家，都从颜真卿变法成功中汲取经验。尤其是行草，唐以后一些名家在学习二王的基础之上再学习颜真卿而建树起自己的风格。著有《吴兴集》、《卢州集》、《临川集》。他的传世书迹极多，《颜勤礼碑》《元次山碑》、《颜家庙碑》、《麻姑仙坛记》。传世墨迹有《祭侄文稿》、《刘中使帖》、《自书告身帖》等。</p>

<p>Yan Zhenqing is a master of calligraphy in Tang Dynasty. His innovation in calligraphic expression is influenced by his engagement with the northern tradition of monumental standard script styles representing a balance between propriety and Zhang Xu&#39;s wildness. The sheer weight and lack of hesitation in his brushstrokes has long been associated with his physical and moral courage. A master though, he was not a professional himself. Instead, he was also well-known for being a straight-forward official for the government in his time.</p>
",2017-04-06,b
怀素,好好学学人家的长处,"<p>在草书艺术史上，怀素其人和他的《自叙帖》，从唐代中叶开始，一直为书法爱好者谈论了一千两百多年。怀素，十岁出家为僧，字藏真，俗姓钱，永州零陵（今湖南零陵）人。少时在经禅之暇，就爱好书法，贫穷无纸墨，他为练字种了一万多棵芭蕉，用蕉叶代纸。由于住处触目都是蕉林，因此风趣地把住所称为“绿天庵”。又用漆盘、漆板代纸，勤学精研，盘、板都写穿了，写坏了的笔头也很多，埋在一起，名为“笔冢”。</p>

<p>他性情疏放，锐意草书，却无心修禅，更饮酒吃肉，交结名士，与李白、颜真卿等都有交游。以“狂草”名世。唐代文献中有关怀素的记载甚多。“运笔迅速，如骤雨旋风，飞动圆转，随手万变，而法度具备”。王公名流也都爱结交这个狂僧。唐任华有诗写道：“狂僧前日动京华，朝骑王公大人马，暮宿王公大人家。谁不造素屏，谁不涂粉壁。粉壁摇晴光，素屏凝晓霜。待君挥洒兮不可弥忘，骏马迎来坐堂中，金盘盛酒竹叶香。十杯五杯不解意，百杯之后始颠狂。.......”前人评其狂草继承张旭又有新的发展，谓“以狂继颠”，并称“颠张醉素”。对后世影响极大。</p>

<p>怀素善以中锋笔纯任气势作大草，如“骤雨旋风，声势满堂”，到“忽然绝叫三五声，满壁纵横千万字”的境界。虽然如是疾速，但怀素却能於通篇飞草之中，极少失误。与众多书家家草法混乱缺漏相比，实在高明得多。是知怀素的狂草，虽率意颠逸，千变万化，终不离魏晋法度。这确实要归功他从极度苦修中得来。怀素传世的书迹较多：计有千字文、清净经、圣母帖、藏真帖、律公帖、脚气帖、自叙帖、苦笋帖、食鱼帖、四十二章经等。</p>

<p>就以上怀素作品加以研究，其风格并非全部相同，大到可分为三种： 一是尚未完全摆脱前人作风的：如圣母、食鱼、苦荀、藏真、诸帖，保留晋法甚多，圣母帖且多有颜真卿作风。二是他自成一家本领作风，如清净经、四十二章经、自叙帖（堪称标准的怀素书）。三是循和平澹的书风，如小草千字文，与其狂肆作风，大异其趣，完全换过一番面目，也可说是他过人之处。</p>
",2017-04-05,m
倪元璐,忘不了那些年月,"<p>字汝玉，号鸿宝，浙江上虞人，明代著名的书画家。天启二年（1621）进士。天启七年出任江西乡试之主考官，时宦官魏忠贤垄断朝政，败坏纲纪，元璐出考题讥讽之。思宗即位，诛魏忠贤，元璐才倖免于祸。元璐素负时望，亦渐获重用，思宗颇欲用之，然却因此深遭小人所忌，而蒙谗言罢归。元璐自此深知朝政不可为，从此绝意仕途。崇祯十五年（1642）闻清兵入至北京，北京震动，求救兵于天下，元璐毅然尽鬻家产以征兵，募得死士数百人，驰赴北京。并向思宗陈述制敌之法，思宗拜为户部尚书，深恨不能早日用之。</p>

<p>倪元璐为人清正，有忠义之气，骨鲠气刚，倪对当时宦官专权兼掌东厂，魏忠贤又不断打击东林党人极为愤慨，并上奏皇帝为东林党人伸张正义，崇祯十七年三月十九日，李自成攻陷京城，倪元璐闻之，遂束带向阙，谢毕天子，以帛自缢身亡，以示忠心曰：“以死谢国，乃分内之事。死后勿葬，必暴我尸于外，聊表内心之哀痛。”卒年五十二。</p>

<p>倪元璐肩负着士大夫忠君报国的沉重压力，时势的不堪和官场的腐败，他的抱负终难实现，由是只能借书法来发泄胸中的郁勃。在学书法的道路上，倪元璐最得王右军、颜鲁公和苏东坡三人翰墨之助, 以雄深高浑见魄力，书风奇伟。往往纵笔疾书，随心所欲。但天份既高，学养又富，故能触类旁通，风标独领，虽纵横使转，看似绝不经意，但声情并茂，气韵优雅，个人风格十分强烈。</p>

<p>倪元璐书法有明人行书流便秀雅的特点，又有涩劲朴茂的风貌，其源出于帖学书法，又含有碑学特别是六朝碑学的特点。既以风骨凌厉，“异态”高古，清劲奇趣，格调旷达的特点，展现出明代气势豪迈、奔放的书风，行书流利犹如“凌鱼奋尾，骇龙反拘”，体现明人行书流便秀雅的特点，但又以其不求表面点书之精，这就超越了明代书法的一般风格，能惟求气势之盛，集形、意、气为一体，依意而生、率真天成，把明代的书风推向情与美相结合的道路，从而能达“通神”的极高境界。清吴德璇《初月楼论书随笔》评曰：“明人中学鲁公者，无过倪文公。”其书深得鲁公厚实劲健之笔意，而更为劲峭，结体趋于扁方，呈欹侧之势，以险寓正，风格奇倔刚毅，于明末自成一格。</p>

<p>康有为在《广艺舟双楫》中说：“明人无不能行书者，倪鸿宝新理异态尤多。”在古代书法的品评中，此其一。其二：细度他的墨迹，结字多抬高右角，竭尽倾斜交错，危绝救应之势。倪元璐善于用笔，他在用笔上直落直收，斩钉截铁，笔画恣意，给人以刚劲畅达之感，其墨浓而厚笔画重而沉，方整中见婉遒，可窥篆、隶之意趣。加上笔画字型的粗细大小变化，墨色浓湿干枯交替，却又出现险劲中寓古雅的韵律。这就超越了他源出的帖学、碑学书法，将所学融入自己的创造，使之“下笔磊落无俗气”，难怪后人对他有“笔奇、字奇、格奇”之三奇，“势足、意足、韵足”之“三足”的称誉，正像清代的秦祖永在《桐阴论画》中说的“元璐书法灵秀神妙，行草尤极超逸”。他突破了明末柔媚的书风，创造了具有强烈个性的书法，对清末民国初年的书风有过一定的影响。</p>

<p>倪元璐所画山水，山皆崚嶒兀屼，林木则苍莽葱郁，皴法喜用大、小斧劈，总不屑描头画角，以取媚于人。王香泉评价：“吾生平颇爱天池（徐渭）书法，脱尽俗尘，及置倪公行草之旁，便如小巫无坐立处。”陶元藻谓：“倪、徐二家画亦然。盖倪以雄深高浑见魄力，徐以萧疏古淡见风神。廊庙山林，原不容并列，况倪有忠义之气，流露毫端，去人自远。”传世作品有《舞鹤赋卷》、《行书诗轴》、《金山诗轴》等。著有《倪文贞集》。</p>
",2017-04-06,x
王铎,好好学学人家的长处,"   <p>字觉斯，一字觉之。号嵩樵、十樵、石樵、痴庵、东皋长、痴庵道人、烟潭渔叟、雪塘渔隐、痴仙道人、兰台外史、雪山道人、二室山人、白雪道人、云岩漫士等 。河南孟津人，世称“王孟津”，有“神笔王铎”之誉，明末清初时的著名书法家。 明天启二年（1622），三十岁的王铎举进士及第，先后任翰林院庶吉士、编修、少詹事。弘光元年（1644），南明弘光帝任王铎为东阁大学士、次辅（副丞相）之职。次年入清，授礼部尚书。顺治九年（1652）病逝于孟津，享年六十一岁，赠太保，谥曰“文安”。</p>

<p>王铎博学好古，工诗文。王铎的书法笔力雄健，长于布白，楷、行、隶、草，无不精妙，主要得力于钟繇、王羲之、王献之、颜真卿、米芾等各家，学米芾有乱真之誉，展现出其坚实的“学古”功底，学古且能自出胸臆，梁巘评其“书得执笔法，学米南宫之苍老劲健，全以力胜”。姜绍书《无声诗史》称其“行草书宗山阴父子（王羲之、王献之），正书出钟元常，虽模范钟王，亦能自出胸臆”。其传世作品主要有《拟山园帖》和《琅华馆帖》等，诸体悉备，名重当代，学者宗之。</p>

<p>在我国书法史上，董其昌一派的严谨秀逸之风曾在明末清初盛行，而王铎取法高古，与拘谨乏趣、滑弱无力的书风相抗衡，大胆创新，开创一代书风。他是书法史上一位杰出的革新人物。青年时代的王铎受时代思潮的影响，很早就有了反思潮的奇倔胸怀，在他的《拟山园选集》中的《文丹》中，集中表露了他惊世骇俗的审美观。他最大的成就是在于他超迈雄奇的行草书。 他的行草书，恣肆狂野，挥洒自如，用笔沉着痛快，纵横跌宕，自然出奇，表现了撼人心魄的雄浑气势，极富感染力。马宗霍称“明人草，无不纵笔以取势者，觉斯则拟而能敛，故不极势而势如不尽，非力有余者未易语此。”林散之称其草书为“自唐怀素后第一人。”并不为过。有人以他的线条与明代另两位草书家徐渭、祝枝山作比：则他的遒劲既有异于徐渭的粗放，也有别于祝枝山的生辣，至于文征明、董其昌则更不在话下。此外，他在结构处理上的构成意识也是前所未有的。空间的切割完全具有次序观念，具有强有力的理性处置效果——在如此狂放变幻的草书中锤炼出如此冷静、有条不紊的效果，实在是出人意外同时又使人对他的能力敬佩不已。如果说从张芝、张旭、怀素、黄山谷直到徐渭，草书的发展是以用笔的丰富顿挫为准矩，而在结构处理上则一放再放，抒泄无遗的话,那么王铎则成功地阻遏住这种一发不可收拾的洪流，他用冷静的理性把这匹脱缰的野马笼住，纵横取势，变化多姿，不落俗套，出新意于法度之中，收奇效于意想之外。</p>

<p>他在笔墨上的创新也是具有开拓性的，他的线条遒劲苍老，含蓄多变，于不经意的飞腾跳掷中表现出特殊个性，时而以浓、淡甚至宿墨，大胆制造线条与块面的强烈对比，形成一种强烈的节奏，不能不说他这有意无意之中的创举是对书法形式夸张对比的一大功绩。在他以前，还没有人能象他那样主动地追求“涨墨”效果。</p>

<p>王铎的书法对中国书法后来的发展产生过巨大影响，甚至也波及到海外书坛，特别给东瀛书法影响颇深。</p>

<p>王铎亦擅画，山水宗荆（浩）、关（仝），丘壑伟俊，皴擦不多，以晕染作气，傅以淡色，沉沉丰蕴，意趣自别。山水花木竹石，皆用书中关纽。间作兰、竹、梅、石，洒然有物外趣。尝与人云“画寂寂无余清，如倪云林一派，虽有淡致，不免枯乾赢，病夫奄奄气息，即谓之轻秀，薄弱甚矣，大家弗然。”又云“以境界奇创，然后生以气晕，乃为胜，可奈造化。”</p>
",2017-04-05,i
,,,,
钱沣,,"<p>钱沣，字东注，一字约甫，号南园，云南昆明人。幼时家境贫寒，偶然得到些残篇断简，便熟读深思，乾隆36年进士，授翰林院检讨，历任国史馆纂修官、江南道御史、通政司副使、湘南学政、湖广道察御史、值军机等职，时和珅用事，钱沣曾当面指责。又曾上疏弹劾过陕西总督毕沅、山东巡抚国泰等人的贪污营私案，因此《清史稿》中赞他“以直声震海内”。</p>

<p>钱沣所处时代，是满朝上下皆学董其昌书法的时代，而惟有他对鲁公情有独钟。平生仰慕颜真卿为人，书亦法之，得其神而不袭其貌，堪称学颜第一人。大楷临摹《颜氏家庙碑》、《告身墨》、《中兴颂》、《麻姑仙坛记》、《东方画像赞》；行草从颜真卿《争座位稿》、《祭姪文》、《十二意》入手,晚年以颜为本，参以欧、褚笔法，行笔颇为沉着痛快，亦有八面出锋之势，苍劲雄健，耐人寻味；小楷则博采众家之长，习过王羲之、王献之、钟绍京等历代书家的精品。晚年还得益于褚遂良、米芾书法的精髓。钱书小楷刚健婀娜；大楷笔力遒劲，力透纸背；行书、草书风神独绝。他学习古人而迈出古人的法度，自成一家。在清代，学颜书的人必先从学钱南园入手。如誉满全国的另一大书法家何绍基即刻苦研习钱字而卓然成家。</p>

<p>李瑞清云：“能以阳刚学颜公，千古一人而已。岂以其气同耶。”包世臣《艺舟双楫·国朝书评》列其行书为“佳上品”。杨守敬《学书迩言》曰：“自来学前贤书，未有不变其貌而能成家者，惟有钱南园学颜书如重规迭矩。此由人品气节不让古人，非袭取也。”</p>

<p>钱沣一生走的是纯帖学之路，由约到博，以德养字，以文养字，故其作品虽韵味有余，然难得高古之妙，这也是他得中有失主处。</p>

<p>钱沣还善画马，尤爱画瘦马，风鬃雾鬣，筋骨显露，神姿逼人。当时画名反在书名之上。直到嘉道以后，书名方显。钱沣的诗文有很高的造诣，主要著作有《南园诗存》、《南园存》、《南园集》等。</p>
",2017-04-05,